1,a,200,12345678,abc@ttn.com
2,b,201,12345679,abc@ttn.com
3,c,202,12345680,abc@ttn.com
4,d,203,12345681,abc@ttn.com
5,e,204,12345682,abc@ttn.com
6,f,205,12345683,abc@ttn.com
7,g,206,12345684,abc@ttn.com
8,h,207,12345685,abc@ttn.com
9,i,208,12345686,abc@ttn.com
10,j,209,12345687,abc@ttn.com
11,k,210,12345688,abc@ttn.com
12,l,211,12345689,abc@ttn.com
13,m,212,12345690,abc@ttn.com
14,n,213,12345691,abc@ttn.com
15,o,214,12345692,abc@ttn.com
16,p,215,12345693,abc@ttn.com
17,q,216,12345694,abc@ttn.com
18,r,217,12345695,abc@ttn.com
19,s,218,12345696,abc@ttn.com
20,t,219,12345697,abc@ttn.com
21,u,220,12345698,abc@ttn.com
22,v,221,12345699,abc@ttn.com
23,x,222,12345700,abc@ttn.com
24,y,223,12345701,abc@ttn.com
25,z,224,12345702,abc@ttn.com
26,aa,225,12345703,abc@ttn.com
27,bb,226,12345704,abc@ttn.com
28,cc,227,12345705,abc@ttn.com
29,dd,228,12345706,abc@ttn.com
30,ee,229,12345707,abc@ttn.com
31,ff,230,12345708,abc@ttn.com
32,gg,231,12345709,abc@ttn.com
33,hh,232,12345710,abc@ttn.com
34,ii,233,12345711,abc@ttn.com
35,jj,234,12345712,abc@ttn.com
36,kk,235,12345713,abc@ttn.com
37,ll,236,12345714,abc@ttn.com
38,mm,237,12345715,abc@ttn.com
39,nn,238,12345716,abc@ttn.com
40,oo,239,12345717,abc@ttn.com
41,pp,240,12345718,abc@ttn.com
42,qq,241,12345719,abc@ttn.com
43,rr,242,12345720,abc@ttn.com
44,ss,243,12345721,abc@ttn.com
45,tt,244,12345722,abc@ttn.com
46,uu,245,12345723,abc@ttn.com
47,vv,246,12345724,abc@ttn.com
48,xx,247,12345725,abc@ttn.com
49,yy,248,12345726,abc@ttn.com
50,zz,249,12345727,abc@ttn.com
